title,url
Wagner mutiny shows real cracks in Putin rule - US,/news/world-europe-66014141
What will Putin do next? And other key questions,/news/world-europe-66012906
Watch: Tracking Wagner's day of rebellion in Russia,/news/world-europe-66014535
England slip from 55-0 to 73-4 in chase against Australia in Ashes Test,/sport/live/cricket/65032784
How a photo changed our view of chimps,https://www.bbc.com/future/article/20230623-how-jane-goodall-chimp-iconic-photo-changed-our-view-of-nature
Greek conservatives win clear majority - exit polls,/news/world-europe-65997486
"OceanGate: A maverick, rule-breaking founder and a tragic end",/news/world-us-canada-66014565
Why 101 people and a dog want to be Toronto's mayor,/news/world-us-canada-65935829
That's how they behave - Messi on PSG fan difficulties,/sport/football/66013933
Alcaraz wins Queen's to lift first title on grass,/sport/tennis/66013778
Arsenal must strengthen to win title - Arteta,/sport/football/66014473
The Gen Xers making mid-life career pivots,https://www.bbc.com/worklife/article/20230620-the-mid-career-workers-pivoting-to-dream-jobs
How dangerous is the Titanic wreck?,https://www.bbc.com/future/article/20230620-why-the-waters-around-the-titanic-are-still-treacherous
A show likely to get on viewers' nerves ★★☆☆☆,https://www.bbc.com/culture/article/20230619-and-just-like-that-series-two-review-the-sex-and-the-city-sequel-is-still-annoying
The homes built from cannabis,https://www.bbc.com/future/article/20230614-the-buildings-constructed-from-cannabis
What did the Vikings eat?,https://www.bbc.com/travel/article/20230619-what-did-the-vikings-eat
What professional women often sacrifice,https://www.bbc.com/worklife/article/20230620-why-many-women-prioritise-their-partners-jobs
The darker side of Disney songs,https://www.bbc.com/culture/article/20230622-the-darker-side-of-disney-songs
Make the most of summer fruits with these berry good bakes,https://www.bbc.co.uk/food/collections/british_summer_fruit_recipes
Could the Miss England swimwear parade return?,https://www.bbc.com/news/newsbeat-65964799
Why insects are so crucial to life on Earth,https://www.bbc.co.uk/ideas/videos/why-insects-are-so-crucial-to-life-on-earth/p0fw94cs
Students switch to AI to learn languages,https://www.bbc.com/news/business-65849104
Airbus experiments with more control for the autopilot,https://www.bbc.com/news/business-65676421
Sunak: We'll hold our nerve and stick to inflation plan,/news/uk-politics-66012824
Sunak: We'll hold our nerve and stick to...,/news/uk-politics-66012824
Marina Litvinenko: Rebellion sent message...,/news/world-66012357
Are you in a parallel universe on economy and...,/news/uk-politics-66012356
"Applause, cheers and gunshots for leaving...",/news/world-europe-66012353
Watch: The day Wagner chief went rogue... in...,/news/world-europe-66007609
Yevgeny Prigozhin: From hot dog seller to...,/news/world-europe-66008501
One-minute World News,/news/10462520
Glastonbury: Saturday's unmissable acts in 90...,/news/entertainment-arts-66010996
BBC shows Rick Astley round at his first...,/news/entertainment-arts-66007645
Trolleys spot hidden heart problems in shoppers,/news/health-65983627
"Masks, fighters and witches: Student photographers on show",/news/in-pictures-65960401
Police warn over new Android 999 call feature,/news/technology-65962942
Glastonbury Sunday: Blondie rock main stage before Elton's last UK show,/news/live/entertainment-arts-66013157
Banks pledge more help as mortgage rates soar,/news/business-65990833
Titan sub CEO dismissed safety warnings as 'baseless cries',/news/world-us-canada-65998914
Cat Stevens soothes an exhausted Glastonbury,/news/entertainment-arts-66014453
The latest technology news direct to your inbox,https://cloud.email.bbc.com/techdecoded-newsletter-signup
The workers already replaced by artificial intelligence,https://www.bbc.co.uk/news/business-65906521
"Fans, foes and foil clothes: Africa's top shots",/news/world-africa-65967998
Millinery masterpieces at Royal Ascot,https://www.bbc.co.uk/news/articles/c3g1e00xgy2o
"Rihanna, Lizzo and Marilyn shine in Divas exhibition",/news/entertainment-arts-65949434
Beauty of insects revealed in photo competition,/news/in-pictures-65876963
Dazzling ancient bronze sword found in Germany,/news/world-europe-65936594
